Vendor Part Num,Part Number
MLC-3500K-B,MLC-3500K-B
EX-MS-WH,EX-MS-WH
EX-MDA-BK,EX-MDA-BK
EX-MS-BK,EX-MS-BK
GRHB-PLVR,GRHB-PLVR
EX-S14-CL,EX-S14-CL
EX-SPH-CL,EX-SPH-CL
EX-SPH-FR,EX-SPH-FR
LUMF4-50-3000K,LUM-50-3000
LUNH,LUNH
MSP-3000K-S-61,MSP-3000K-S-61
MSP-4000K-S-61,MSP-4000K-S-61
KLED-FF,KLED-IW-FF
"KLED-CF-WW<font class=""font7"">�i</font><font class=""font6"">RC01</font><font class=""font7"">�j</font>",KLED-IW-CF
FSM-HCL,FSM-HCL
"EX-G14-FR<font class=""font7"">�i</font><font class=""font6"">5600/PP</font><font class=""font7"">�j</font>",EX-G14-FR
EX-MDA-BK/5,EX-MDA-BK
KSG-MDA-BK,KSG-MDA-BK
KSG-MD-BK,KSG-MD-BK
KSG-MS-BK,KSG-MS-BK
KSG-PM-BK,KSG-PM-BK
EXSS-CP-CVR-BK,EXSS-CP-CVR-BK
EXSS-CP-CVR-BR,EXSS-CP-CVR-BR
EXSS-CP-CVR-WH,EXSS-CP-CVR-WH
EXSS-CP-FLG-BK,EXSS-CP-FLG-BK
EXSS-CP-FLG-WH,EXSS-CP-FLG-WH
EXSS-CP-SCR,EXSS-CP-SCR
EXSS-CP-SPG,EXSS-CP-SPG
EXSS-PM-CVR-BK,EXSS-PM-CVR-BK
EXSS-PM-CVR-WH,EXSS-PM-CVR-WH
EXSS-PM-FRAME,EXSS-PM-FRAME
EXSS-PM-SCR,EXSS-PM-SCR
EXSS-PM-SPG,EXSS-PM-SPG
GGL-SCREW,GGL-SCREW
KSG-GL-UB-C,KSG-GL-UB-C
KSG-MC,KSG-MC
OLS-1-GGL,OLS-1-GGL
OLS-3000K-15D-1,OLS-3000K-15D-1
RM10L-6B,RM10L-6B
SLBK,FLBK
"RV-SEALANT(Butyl
  Sealing Tape<span style=""display:none"">)</span>",RV-SEALANT
"Stainless
  parts for lighting <span style=""display:none"">fixture</span>",SAMPLES
AVXF3-2000K,AVXF-2000K
AVXF3-2700K,AVXF-2700K
AVXF3-3500K,AVXF-3500K
EX-VI-5000K,EX-VI-5000K
LC-KS-MIX2,LC-KS-MIX
AVXF3-4000K,AVXF-4000K
EX-UB-2700K,EX-UB-2700K
RV-STK,RV-STK
"EX-SPH-CL<font class=""font7"">�i</font><font class=""font6"">2800/PP</font><font class=""font7"">�j</font>",EX-SPH-CL
"EX-SPH-FR<font class=""font7"">�i</font><font class=""font6"">2800/PP</font><font class=""font7"">�j</font>",EX-SPH-FR
"MS-LNS-24D(FP10995<font class=""font7"">�@</font><font class=""font6"">LISA2-M-PIN)</font>",MS-LNS-24D
MSP-2700K-S-250,MSP-2700-S-250
0,0
MS-LNS-16D(FP11055_LISA2-RS-PIN),MS-LNS-16D
MS-LNS-24D(FP10995　LISA2-M-PIN),MS-LNS-24D
MS-LNS-30D(LISA2-M-PIN_BLAST),MS-LNS-30D
KS-MS,KS-MS
KSG-RGBW,KSG-RGBW
KSG-GS-LW,KSG-GS-LW
KSG-SKT-SCR,KSG-SKT-SCR
KSG-USK-BK,KSG-USK-BK
KSG-LSK-BK,KSG-LSK-BK
KSG-CONTACT,KSG-CONTACT
KSG-CABLE-BK,KSG-CABLE-BK
KSG-GL-UB,KSG-GL-UB
KSG-GL-VI,KSG-GL-VI
TLN-3000K(Custom),TLN-3000K
KS-LR-SCR,KS-LR-SCR
LUMCLH-200-2500K,LUM-200-CSTM
RV2-3000-120D,RV-3000-120D
GRHB-LED-80-3500K,GRHB-LED-80-3500K
EX-VI-30K,EX-VI-IW
EX-UB-30K,EX-UB-IW
AVXF3-2400K,AVXF-WW
XB-5F1,AV-201
AV-LWSKT-BK,AV-BASE-BK
AV-LWSKT-SN,AV-BASE-SNAP
AV-LWSKT-WH,AV-BASE-WH
AV-CLAMP,AV-CL
AV-CNTCT,AV-CONTACT
AV-EC-BK,AV-EC-BK
AV-EC-SV,AV-EC-SV
AV-EC-WH,AV-EC-WH
AV-LEC-BK,AV-LEC-BK
AV-LEC-SV,AV-LEC-SV
AV-LEC-WH,AV-LEC-WH
AV-MS,AV-MS
AV-RB-BK,AV-RB-BK
AV-RB-WH,AV-RB-WH
AV-RF,AV-RF
AV-UPSKT-BK,AV-TOWER-BK
AV-UPSKT-WH,AV-TOWER-WH
AVLED-4000K,AVLED-4000K
AVLED-3000K,AVLED-IW
AVLED-KC,AVLED-KC
AVLED-LW,AVLED-LW
AVLED-WH,AVLED-WH
AVLED2-WW,AVLED-WW
AVO-NUT-BK,AVO-NUT-BK
AVXF-100,AVXF-100
AVXF-2700K,AVXF-2700K
AVXF-3500K,AVXF-3500K
AVXF-4000K,AVXF-4000K
AVXF-60,AVXF-60
AVXF-75,AVXF-75
AVXF-CP,AVXF-CP
AVXF-3000K,AVXF-IW
AVXF3-3000K,AVXF-IW
AVXF-KC,AVXF-KC
AVXF-MC-2.5M,AVXF-MC
AVXF2-2400K,AVXF-WW
AVXF-2400K,AVXF-WW
BB-301,BB-301
2651-061B,CABLE-KS
LDRCC-40-DIODE,CC-40-DIODE
NH-100-WH,CL-100
HB-102,CL-102
NH-150-WH,CL-150
HB-201,CL-201
HB-202,CL-202
HB-203,CL-203
NH-30-WH,CL-30
NH-300-WH,CL-300
NH-30-WH,CL-38
NH-50-WH,CL-50
NH-60-WH,CL-60
NH-80-WH,CL-80
CLED-2000K,CLED-2000K
CLED-2500K,CLED-2500K
CLED-3000K,CLED-3000K
CLED-5000K,CLED-5000K
HB-AM-25,CLED-AM
HB-BL-25,CLED-BL
HB-GR-25,CLED-GR
HB-RD-25,CLED-RD
CR-ED,CR-EC
CT-ED,CT-EC
CTO-MC,CTO-CP
EC-B,EC-B
TD-EC-BK,EC-BK
ED,EC-D
ED-F,EC-FL
EL,EC-L
EDM,EC-M
TDR-ED-PG,EC-PG
TDR-ED-SC,EC-SC
ED-TX-WH,EC-W
ED-BK,ECD-BK
ED-CL,ECD-CL
ED-WH,ECD-WH
EL-BK,ECL-BK
EL-CL,ECL-CL
EL-WH,ECL-WH
ELM,ECM-L
EL-3,ECW-L
WB-112,EX-112
WB-501,EX-124
WB-511,EX-212
EX-LED-BL,EX-BL
EX-CNT-VF,EX-CNT
EX-G14-CL,EX-G14-CL
EX-G14-FR,EX-G14-FR
EX-LED-GR,EX-GR
EX-LSK-BK,EX-LSK-BK
EX-LSK-WH,EX-LSK-WH
EX-MDISK-BK,EX-MD-BK
EX-MDISK-WH,EX-MD-WH
EX-WRA-BK,EX-MDA-BK
EX-WRA-WH,EX-MDA-WH
EX-STRAP-BK,EX-MS-BK
EX-STRAP-WH,EX-MS-WH
EX-OR-22,EX-OR-22
EXSS-L1500,EX-PEND
EX-LED-LV,EX-PL
EX-LED-RD,EX-RD
EX-S-TYPE GLOBE-OR,EX-S-AM
EX-S-TYPE GLOBE-BL,EX-S-BL
EX-S-TYPE GLOBE-CL,EX-S-CL
EX-S-TYPE GLOBE-WH,EX-S-FR
EX-S-TYPE GLOBE-GN,EX-S-GR
EX-S-TYPE GLOBE-RD,EX-S-RD
EX-S-TYPE GLOBE-VL,EX-S-VL
EX-S14-TYPE GLOBE-CL,EX-S14-CL
EX-S14-TYPE GLOBE-WH,EX-S14-FR
EX-SCR,EX-SCR
EX-SCR-BK,EX-SCREW
EX-SEALANT,EX-SEALANT
EX-SH,EX-SH
SE9189CLWH,EX-SILICONE
EX-SPH-A,EX-SPH-AM
EX-SPH-B,EX-SPH-BL
EX-SPH-C,EX-SPH-CL
EX-SPH-W,EX-SPH-FR
EX-SPH-G,EX-SPH-GR
EX-SPH-R,EX-SPH-RD
EX-SPH-V,EX-SPH-VL
EX-UB-3000K,EX-UB-IW
EX-UB-LW,EX-UB-LW
EX-UB-WW,EX-UB-WW
EX-USK-VF-BK,EX-USK-BK
EX-USK-VF-WH,EX-USK-WH
EX-USK-VI-WH,EX-USK-WH
EX-VI-2000K-BB,EX-VI-2000K-BB
EX-VI-3000K,EX-VI-IW
EX-VI-LW,EX-VI-LW
EX-VI-WW,EX-VI-WW
EX-LED-WH,EX-WH
EX-2500K,EX-WW
EX-LED-LM,EX-YG
EXSS-CABLE,EXSS-CABLE
TS-301,FL-200
TS-303,FL-300
TS-302-M,FL-400
EC-SLBK,FLBK
FLBK-110-HM,FLBK-110-HM
FLBK-160-HM,FLBK-160-HM
FLBK-210-HM,FLBK-210-HM
FLBK-310-HM,FLBK-310-HM
FLBK-410-HM,FLBK-410-HM
FLBK-60-HM,FLBK-60-HM
EC-SLGR,FLGR
FS01-3000K-03D-L-B,FLN-3000K-03D-B
FS01-5000K-03D-L-B,FLN-5000K-03D-B
EC-SLWG,FLWG
FLWG-110-HM,FLWG-110-HM
FLWG-160-HM,FLWG-160-HM
FLWG-210-HM,FLWG-210-HM
FLWG-310-HM,FLWG-310-HM
FSM01-3000K-03D-B,FSM-3000K-03D-B
FSM01-3000K-03D-W,FSM-3000K-03D-W
FSM01-5000K-03D-B,FSM-5000K-03D-B
FSM01-5000K-03D-W,FSM-5000K-03D-W
TDP-1020_2,FSM-LNS-CL
FS01-3000K-03D-B,FSP-3000K-03D-B
FS01-4000K-03D-B,FSP-4000K-03D-B
FS01-5000K-03D-B,FSP-5000K-03D-B
TDP-0773,GRHB-100
GRHB-60-CVR,GRHB-60
GRHB-75-CVR,GRHB-75
GRHB-100-CVR,GRHB-100
TWK-0163-080-2700K,GRHB-2700
TWK-0163-220-2700K,GRHB-2700-L
GRHB/ILS-LED-220-2700K,GRHB-2700-L
GRHB-LED-80-3000K,GRHB-3000
TWK-0163-080-3000K,GRHB-3000
TWK-0163-220-3000K,GRHB-3000-L
GRHB/ILS-LED-220-4000K,GRHB-4000-L
GRHB/ILS-LED-220-2200K,GRHB-2200-L
GRHB-LED-80-2200K,GRHB-2200
TWK-0163-080-4000K,GRHB-4000
GRHB-LED-80-4000K,GRHB-4000
TWK-0163-220-4000K,GRHB-4000-L
TDP-0771,GRHB-60
TDP-0772,GRHB-75
GRHB-ADJB,GRHB-AB
TDP-0775,GRHB-BASE
TDP-1177-BK,GRHB-EC
GRHB-FIXB,GRHB-FB
TDP-0787,GRHB-GLVR
TWK-0126,GRHB-HLVR
TDP-0776,GRHB-LC
GRHB-LNS-15D,GRHB-LNS-15D
GRHB-LNS-8D(FA14542_TINA-RS),GRHB-LNS-8D
GRHB-LNS-8D,GRHB-LNS-8D
GRHB-LNS-SP,GRHB-LNS-SP
GRHB-LNS-SP(FA13842_TINA-O),GRHB-LNS-SP
GRHB-LNS-CVR,GRHB-LC
TDP-0789,GRHB-PLVR
GROX2-L1200-2700K-15D,GRX-2700-15D-1200
GROX2-L300-2700K-15D,GRX-2700-15D-300
GROX2-L600-2700K-15D,GRX-2700-15D-600
GROX2-L1200-3000K-15D,GRX-3000-15D-1200
GROX2-L300-3000K-15D,GRX-3000-15D-300
GROX2-L600-3000K-15D,GRX-3000-15D-600
GROX2-L1200-4000K-15D,GRX-4000-15D-1200
GROX2-L300-4000K-15D,GRX-4000-15D-300
GROX2-L600-4000K-15D,GRX-4000-15D-600
EA983SM-102,GRX-CABLE
TDP-0988,GRX-CON
SBR85-41,GRX-CP
TDP-0991,GRX-EC
TDP-0987,GRX-EXT-1M
TDP-1008,GRX-EXT-3M
GRX-LVR-SCREW,GRX-LVR-SCREW
TDP-0986,GRX-Y-CON
HINGE-BK,HINGE-BK
TDP-1117,ILS-BASE
TDP-1115,ILS-COVER
TDP-1116,ILS-EC
TDP-1118,ILS-FB
KLED-CF-3000K,KLED-IW-CF
KLED-CF,KLED-IW-CF
KLED-FF-3000K,KLED-IW-FF
KLED-SF-3000K,KLED-IW-SF
KLED-FF-6500K,KLED-WH-FF
KLED-SF-6500K,KLED-WH-SF
TLED-WH-ST,KLED-WH-ST
KLED-WW-SCF,KLED-WW-CF
KLED-CF-WW,KLED-WW-CF
KLED-SF-2400K,KLED-WW-SF
TDP-1271,KS-CONTACT
TDP-1336_3,KS-ED
TDP-1284_3,KS-EXCH-ADP
KSGL-G60F,KS-G19-FR
TDP-1354,KS-GS-ADP
TDP-1358,KS-GS-LW
TDP-1355,KS-GS-P
TDP-1357,KS-GS-UP
TDP-1279,KS-LR
TDP-1280,KS-LSKT
TDP-1341-BK,KS-MC-2.4M-BK
KS-MD-BK,KS-MD-BK
KS-MDW-BK,KS-MDA-BK
KS-STP-BK,KS-MS-BK
TWK-0205,KS-RGB
SUSXM7-M2.6-5,KS-SCREW
TDP-1275_3,KS-SEAL-MOD
KS-SH-BK,KS-SH-BK
TDP-1281_3,KS-USKT
KSW-CON-DC-15m,KSW-CON-DC-15M
KSW-CON-DC-30m,KSW-CON-DC-30M
KSW-CON-LC-10m,KSW-CON-LC-10M
KSW-CON-T,KSW-CON-T
KSW-EXT-1m,KSW-EXT-1M
KSW02-L1200-RGBW-20D,KSW-L1200-RGBW-20D
KSW02-L300-RGBW-20D,KSW-L300-RGBW-20D
KSW02-L600-RGBW-20D,KSW-L600-RGBW-20D
KSW02-L900-RGBW-20D,KSW-L900-RGBW-20D
KSW-EXT-DC-15m,KSW-EXT-DC-15M
LC-1CH-DP,LC-1CH-DP
LC-3CH-CM,LC-3CH-CM
LC-3CH-DP,LC-3CH-DP
LC-DMR,LC-DMR
SDIM-PT,LC-DMR-BKK
LC-SDMR,LC-DMR-EZ
SDIM-MT,LC-DMR-SVK
LC-GR-DP,LC-GR-DP
TWK-0239,LC-KSW-DC
LC-KT-DMR,LC-KT-DMR
LC-KT-DP,LC-KT-DP
LC-KT-SCDP,LC-KT-SCDP
SW-DM1-B2,LC-PWM-SD
LC-SB,LC-SB
LC-SC,LC-SC
LDCC-50W-700DALI,LDCC-50W-700DALI
LPS-350-6CH,LPS-350-6CH
LPS-8.4-24,LPS-8.4-24
LPS-DM-350-6CH,LPSDM-350-6CH
LS-100-BR,LSB-100
LS-150-BR,LSB-150
LS-030-BR,LSB-30
LS-300-BR,LSB-300
LS-050-BR,LSB-50
LS-080-BR,LSB-80
LSC,LSC
LS-100-CL,LSC-100
LS-150-CL,LSC-150
LS-030-CL,LSC-30
LS-300-CL,LSC-300
LS-050-CL,LSC-50
LS-080-CL,LSC-80
LS-100-WH,LSW-100
LS-015-WH,LSW-15
LS-150-WH,LSW-150
LS-030-WH,LSW-30
LS-300-WH,LSW-300
LS-050-WH,LSW-50
LS-080-WH,LSW-80
LUM-100-2200K,LUM-100-2200
LUMF-100-3000K,LUM-100-3000
LUMF-100-4500K,LUM-100-4500
LUM-100-BL,LUM-100-BL
LUM-100-IW,LUM-100-IW
LUM-100-RD,LUM-100-RD
LUM-100-WH,LUM-100-WH
LUMF-150-3000K,LUM-150-3000
LUMF-150-4500K,LUM-150-4500
LUM-150-IW,LUM-150-IW
LUM-200-CSTM,LUM-200-CSTM
LUM-305-IW,LUM-310-IW
LUM-50-2200K,LUM-50-2200K
LUMF-50-3000K,LUM-50-3000
LUMF-50-4500K,LUM-50-4500
LUM-50-BL,LUM-50-BL
LUM-50-IW,LUM-50-IW
LUM-50-IW-FROSTED,LUM-50-IW-F
LUM-50-IW,LUM-50-IW-Z
LUM-50-RD,LUM-50-RD
LUM-50-WH,LUM-50-WH
TLUM-75-BL,LUM-75-BL
TLUM-75-IW,LUM-75-IW
TLUM-75-RD,LUM-75-RD
LUM-LEAD,LUM-LEAD
LUM-LNS,LUM-LNS
LUM-RD-CSTM,LUM-RD-CSTM
LUN-BG,LUN-BG
LUN-CP,LUN-CP
LUN-LH,LUN-LH
LUN-PB,LUN-PB
LUN-STEM-L,LUN-STEM-L
LUN-STEM-M,LUN-STEM-M
LUN-STEM-S,LUN-STEM-S
LUN-STR,LUN-STR
LV-BKT,LV-BKT
LV-CON-0.5,LV-CON
LV-LTC,LV-LTC
LV-SCR-SV,LV-SCR-SV
LVM-2700K,LVM-2700K
LVM-3000K,LVM-3000K
LVM-3500K,LVM-3500K
LVM-4000K,LVM-4000K
MC-EDD,MC-EC
MC-ELL,MC-ECL
MDL-2700-B,MDL-2700-B
MDL-2700-B-HF,MDL-2700-B-HF
MDL-2700-S,MDL-2700-S
MDL-2700-W,MDL-2700-W
MDL-3000-B,MDL-3000-B
MDL-3000-B-CC,MDL-3000-B-CC
MDL-3000-B-HF,MDL-3000-B-HF
MDL-3000-S,MDL-3000-S
MDL-3000-W,MDL-3000-W
MDL-4000-B,MDL-4000-B
MDL-4000-B-HF,MDL-4000-B-HF
MDL-4000-S,MDL-4000-S
MDL-4000-W,MDL-4000-W
MDL-5000-B,MDL-5000-B
MDL-5000-B-HF,MDL-5000-B-HF
MDL-5000-S,MDL-5000-S
MDL-5000-W,MDL-5000-W
MFL-2700K,MFL-2700K
MFL-3000K,MFL-3000K
TDP-1213-BK,MFL-CV-BK
IRON M1.6-2.5-TCB,MFL-CV-SCR
TDP-1213-SV,MFL-CV-SV
TDP-1213-WH,MFL-CV-WH
TDP-1245,MFL-HC-LNS
TDP-1217-2,MFL-INCVR
MLC-2700K-B,MLC-2700-B
MLC-2700-B,MLC-2700-B
MLC-2700-W,MLC-2700-W
MLC-3000-B,MLC-3000-B
MLC-3000K-B,MLC-3000-B
MLC-3000-W,MLC-3000-W
MLC-4000-B,MLC-4000-B
MLC-4000K-B,MLC-4000-B
MLC-4000K-W,MLC-4000-W
MLC-4000-W,MLC-4000-W
MLC-5000-B,MLC-5000-B
MLC-5000K-B,MLC-5000-B
MLC-5000-W,MLC-5000-W
MLC-BKT,MLC-BKT
MLC-CH-B,MLC-CH-B
MLC-CH-WH,MLC-CH-W
MLC-CV-B,MLC-CV-B
MLC-CV-W,MLC-CV-W
MLC-EC-SCR,MLC-EC-SCR
MLC-ED-SCR,MLC-EC-SCR
MLC-EDC-B,MLC-EDC-B
MLC-EDC-W,MLC-EDC-W
MLC-EDL-B,MLC-EDL-B
MLC-EDL-W,MLC-EDL-W
MLC-LC-B,MLC-LC-B
MIN-LC-B,MLC-LC-B
MLC-LC-W,MLC-LC-W
MPD02-27K-16D-B,MPD-2700K-16D-B
MPD02-27K-16D-W,MPD-2700K-16D-W
MPD02-27K-24D-B,MPD-2700K-24D-B
MPD02-27K-24D-W,MPD-2700K-24D-W
MPD02-30K-16D-B,MPD-3000K-16D-B
MPD02-30K-16D-W,MPD-3000K-16D-W
MPD02-30K-24D-B,MPD-3000K-24D-B
MPD02-30K-24D-W,MPD-3000K-24D-W
MPD-CON-0.2M,MPD-CON
MPD-EXT-10M,MPD-EXT-10M
MPD-EXT-1M,MPD-EXT-1M
MPD-EXT-5M,MPD-EXT-5M
MPD-SPL2,MPD-SPL2
MRL01-27K-16D-B,MPL-2700K-16D-B
MRL01-27K-24D-B,MPL-2700K-24D-B
MRL01-30K-16D-B,MPL-3000K-16D-B
MRL01-30K-24D-B,MPL-3000K-24D-B
MS-CNV-24V,MS-CNV-24V
MS-CV-B,MS-CV-B
MS-CV-S ,MS-CV-S
MS-LNS-16D,MS-LNS-16D
MS-LNS-24D,MS-LNS-24D
MS-LNS-30D,MS-LNS-30D
MS-PS-6CH,MS-PS-6CH
MS-SKT-B,MS-SKT-B
MS-SKT-S,MS-SKT-S
MS-SKT-S-10',MS-SKT-S-10'
MS05-2700-B-150,MSP-2700-B-150
MS05-2700-B-250,MSP-2700-B-250
MS05-2700-B-30,MSP-2700-B-30
MS05-2700-B-350,MSP-2700-B-350
MS05-2700-S-150,MSP-2700-S-150
MSP-2700K-S-150,MSP-2700-S-150
MS05-2700-S-250,MSP-2700-S-250
MS05-2700-S-30,MSP-2700-S-30
MS04-2700-S-350,MSP-2700-S-350
MS04-3000-B-150,MSP-3000-B-150
MSP-3000K-B-150,MSP-3000-B-150
MSP-3000K-S-350,MSP-3000-S-350
MSP-3000K-S-30,MSP-3000-S-30
MSP-3000K-S-150,MSP-3000-S-150
MS04-3000-B-200,MSP-3000-B-200
MS04-3000-B-250,MSP-3000-B-250
MS05-3000-B-30,MSP-3000-B-30
MSP-3000K-B-30,MSP-3000-B-30
MSP-3000K-B-250,MSP-3000-B-250
MSP-3000-B-330,MSP-3000-B-330
MS05-3000-B-350,MSP-3000-B-350
MSP-3000K-B-350,MSP-3000-B-350
MS04-3000-B-80,MSP-3000-B-80
MS04-3000-S-150,MSP-3000-S-150
MS04-3000-S-2,MSP-3000-S-2
MS04-3000-S-200,MSP-3000-S-200
MS04-3000-S-250,MSP-3000-S-250
MSP-3000K-S-250,MSP-3000-S-250
MS04-3000-S-30,MSP-3000-S-30
MS04-3000-S-350,MSP-3000-S-350
MS04-3000-S-53,MSP-3000-S-53
MSP-3000-S-75,MSP-3000-S-75
MS04-3000K-16D-S-35MM,MSP-3000K-16D-S-35M
MSP-4000K-B-150,MSP-4000-B-150
MS05-4000-B-150,MSP-4000-B-150
MSP-4000K-S-150,MSP-4000-S-150
MSP-4000K-B-250,MSP-4000-B-250
MSP-4000K-S-250,MSP-4000-S-250
MS05-4000-B-250,MSP-4000-B-250
MS05-4000-B-30,MSP-4000-B-30
MSP-4000K-B-30,MSP-4000-B-30
MSP-4000K-S-350,MSP-4000-S-350
MS05-4000-B-350,MSP-4000-B-350
MS05-4000-S-150,MSP-4000-S-150
MS05-4000-S-250,MSP-4000-S-250
MS05-4000-S-30,MSP-4000-S-30
MS04-4000-S-350,MSP-4000-S-350
MSP-4000K-B-350,MSP-4000-B-350
MS05-5000-B-150,MSP-5000-B-150
MS05-5000-B-250,MSP-5000-B-250
MS05-5000-B-30,MSP-5000-B-30
MS05-5000-B-350,MSP-5000-B-350
MS05-5000-S-150,MSP-5000-S-150
MS05-5000-S-250,MSP-5000-S-250
MS05-5000-S-30,MSP-5000-S-30
MS05-5000-S-300,MSP-5000-S-300
MS04-5000-S-350,MSP-5000-S-350
MS05-5000-S-400,MSP-5000-S-400
MS04-6000-S-150,MSP-6000-B-150
MS04-6000-S-150,MSP-6000-S-150
MS04-6000-S-250,MSP-6000-S-250
MS04-6000-S-30,MSP-6000-S-30
MTK-2700-B,MTK-2700-B
MTK-2700-B-GC,MTK-2700-B
MTK-2700-S,MTK-2700-S
MTK-3000-B,MTK-3000-B
MTK-3000-B-GC,MTK-3000-B
MTK-3000-S,MTK-3000-S
MTK-3000-WH,MTK-3000-WH
MTK-4000-B,MTK-4000-B
MTK-4000-S,MTK-4000-S
MTK-4200-B,MTK-4200-B
MTK-4200-S,MTK-4200-S
MTK-5000-B,MTK-5000-B
MTK-5000-S,MTK-5000-S
MTK-6000-B,MTK-6000-B
MTK-6000-S,MTK-6000-S
MTK-CON,MTK-CONN
MUP02-27K-16D-B,MUP-2700K-16D-B
MUP02-27K-16D-B-GC,MUP-2700K-16D-B-GC
MUP02-27K-16D-S,MUP-2700K-16D-S
MUP02-27K-16D-S-GC,MUP-2700K-16D-S-GC
MUP02-27K-24D-B,MUP-2700K-24D-B
MUP02-27K-24D-B-GC,MUP-2700K-24D-B-GC
MUP02-27K-24D-S,MUP-2700K-24D-S
MUP02-27K-24D-S-GC,MUP-2700K-24D-S-GC
MUP02-30K-16D-B,MUP-3000K-16D-B
MUP02-30K-16D-B-GC,MUP-3000K-16D-B-GC
MUP02-30K-16D-S,MUP-3000K-16D-S
MUP02-30K-16D-S-GC,MUP-3000K-16D-S-GC
MUP02-30K-24D-B,MUP-3000K-24D-B
MUP02-30K-24D-B-GC,MUP-3000K-24D-B-GC
MUP02-30K-24D-S,MUP-3000K-24D-S
MUP02-30K-24D-S-GC,MUP-3000K-24D-S-GC
MUP02-35K-16D-B,MUP-3500K-16D-B
MUP02-35K-16D-B-GC,MUP-3500K-16D-B-GC
MUP02-35K-16D-S,MUP-3500K-16D-S
MUP02-35K-16D-S-GC,MUP-3500K-16D-S-GC
MUP02-35K-24D-B,MUP-3500K-24D-B
MUP02-35K-24D-B-GC,MUP-3500K-24D-B-GC
MUP02-35K-24D-S,MUP-3500K-24D-S
MUP02-35K-24D-S-GC,MUP-3500K-24D-S-GC
MUP02-40K-16D-B,MUP-4000K-16D-B
MUP02-40K-16D-B-GC,MUP-4000K-16D-B-GC
MUP02-40K-16D-S,MUP-4000K-16D-S
MUP02-40K-16D-S-GC,MUP-4000K-16D-S-GC
MUP02-40K-24D-B,MUP-4000K-24D-B
MUP02-40K-24D-B-GC,MUP-4000K-24D-B-GC
MUP02-40K-24D-S,MUP-4000K-24D-S
MUP02-40K-24D-S-GC,MUP-4000K-24D-S-GC
OLS-CON-2M,OL-CON-2M
OLS-EC,OL-EC
OLS-EXT-10M,OL-EXT-10M
OLS-EXT-1M,OL-EXT-1M
OLS-EXT-5M,OL-EXT-5M
OLS-2700-15D-1,OL270015-1
OLS-2700-15D-3,OL270015-3
OLS-3000-15D-1,OL300015-1
OLS-3000-15D-3,OL300015-3
OLS-4000-15D-1,OL400015-1
OLS-4000-15D-3,OL400015-3
TDP-0792_3,OPT-115
TDP-0791_2,OPT-75
TDP-0793_7,OPT-CC
TDP-0856_1,OPT-LSKT
TDP-0858_2,OPT-MB
TDP-0796_2,OPT-SH
TDP-0857_2,OPT-USKT
P-18V,P-18V
LTPFST-BK,PF-B
LTPFST-GD,PF-G
LTPFST-SV,PF-S
TB-AM-P4-CO,PLED-AM
TB-BL-P4-NI,PLED-BL
TB-GR-P4-NI,PLED-GR
TB-IW-P4-NI,PLED-IW
TB-RD-P4-CO,PLED-RD
TB-WH-P4-NI,PLED-WH
RC-101A,RC-101A
RC-101B,RC-101B
RC-101G,RC-101G
RC-101R,RC-101R
RC-101W,RC-101W
RC-105A,RC-105A
RC-105B,RC-105B
RC-105G,RC-105G
RC-105R,RC-105R
RC-105W,RC-105W
RC-CP,RC-CP
ED-RC,RC-EC
TRI-CTR,RGB-CTR
RS-GC2,RS-GC
RVM-2200K-SP,RV-2200-SP
RVM-2400K-120D,RV-2400-120D
RVM-2400K-SP,RV-2400-SP
RV2-2400-120D,RV-2400-120D
RV2-2400-SP,RV-2400-SP
RVM-2700K-120D,RV-2700-120D
RV2-2700-SP,RV-2700-SP
RVM-2700K-SP-WH,RV-2700-SP-WH
RVM-3000K-120,RV-3000-120D
RVM-3000K-SP,RV-3000-SP
RV2-3000-SP,RV-3000-SP
RVM-3500K-120,RV-3500-120D
RVM-4200K-120,RV-4200-120D
RVM-4200K-120-WH,RV-4200-120D-WH
RVM-4200K-SP,RV-4200-SP
RVM-5500K-120D,RV-5500-120D
RVM-5500K-SP,RV-5500-SP
RV-AB,RV-AB
RV2-BL-120D,RV-BL-120D
RVM-BL-SP,RV-BL-SP
TDP-0356,RV-CH-BK-2.4M
RV-CH-SV-2.4M,RV-CH-SV-2.4M
TDP-0269,RV-CONTACT
TDP-0371,RV-EC-BK
SUS/BK A-FLAT HEAD TAP,RV-EP-SCR
RV-F-MB,RV-FB
TDP-0274,RV-LSKT
RV-LSKT-WH,RV-LSKT-WH
RV-LVR-2.4M,RV-LVR-BK-2.4M
RV-LVR-SV-2.4M,RV-LVR-SV-2.4M
NBRRVO-RING,RV-ORING
RV2-RD-120D,RV-RD-120D
RVM-RD-SP,RV-RD-SP
SUSM3-12S-NC,RV-SCREW
ST-SEAL,RV-SEALANT
TDP-0267,RV-USKT
RV-USKT,RV-USKT-WH
TDP-0364,RVC-EC-BK
RV-CH-EP-SV,RVC-EC-G1
RV-LVR-EP-SV,RVCL-EC
RV-LVR-EP,RVCL-EC-BK
RW-3000K-120,RW-3000-120D
RW-3000-SP,RW-3000-SP
RW-CONTACT,RW-CONTACT
RW-GASKET,RW-GASKET
RW-LSKT,RW-LSKT
RW-SCREW,RW-SCREW
RW-USKT,RW-USKT
SH-01,SH-01
SH-02,SH-02
SL-101,SL-101
SL-102,SL-102
PC-101A,SL-A
PC-101B,SL-B
PC-101G,SL-G
SL-RNR-BK,SL-LK
SL-POINTER-BK,SL-MB-BK
SL-POINTER-WG,SL-MB-WG
PC-101R,SL-R
PC-101W,SL-W
SLBK-310/72,SLBK-12-101
SLBK-310/48,SLBK-12-102
SLBK-100/90,SLBK-4-101
SLBK-100/78,SLBK-4-102
SLBK-200/72,SLBK-8-101
SLBK-200/60,SLBK-8-102
SLBK-100/48/LL,SLBK-8-102-48L
SLBK-200/90,SLBK-8-90L
SLE-90BK,SLE-90BK
SLE-90GR,SLE-90GR
SLE-90WG,SLE-90WG
SLGR-310/72,SLGR-12-101
SLGR-310/48,SLGR-12-102
SLGR-310/30,SLGR-12-30L
SLGR-100/90,SLGR-4-101
SLGR-100/78,SLGR-4-102
SLGR-200/72,SLGR-8-101
SLGR-200/60,SLGR-8-102
SLGR-200/75,SLGR-8-75
SLGR-200/90,SLGR-8-90L
SLN-90BK,SLN-90BK
SLN-90WG,SLN-90WG
SLWG-310/72,SLWG-12-101
SLWG-310/48,SLWG-12-102
SLWG-100/90,SLWG-4-101
SLWG-100/78,SLWG-4-102
SLWG-150/72,SLWG-6-101
SLWG-200/72,SLWG-8-101
SLWG-200/60,SLWG-8-102
SLWG-200/90,SLWG-8-90L
RS-GC,SN-BK
SW-DM3-BK,SW-DM3-BK
TB-101,TB-101
TB-101A,TB-101A
TB-101R,TB-101R
TB-105,TB-105
TB-105A,TB-105A
TB-106,TB-106
TB-106A,TB-106A
TB-110A,TB-110A
TB-201A,TB-201A
TB-205,TB-205
TB-401F,TB-401F
TB-501F,TB-501F
UC-101A,TC-101A
UC-101B,TC-101B
UC-101C,TC-101C
UC-101G,TC-101G
UC-101R,TC-101R
TC-10W,TC-10W
TC-400BB,TC-400BB
TC4000-BB-CUSTOM,TC4000-BB-CUSTOM
TDP-1253,TDP-1253
TDP-1254_2,TDP-1254_2
TDS/RIM,TDS/RIM
TLP-CN,TK-CN
TKN-CP,TKN-CP
TKN-EC,TKN-EC
TB-AM-A2-EP/Z,TLED-AM
TB-BL-A2-EP/Z,TLED-BL
TB-GR-A2-EP/Z,TLED-GR
TLED-IW,TLED-IW
TLED-IWHB,TLED-IW-HB
TLED-IW-UB,TLED-IW-UB
TLED-LW,TLED-LW
TLED-LWHB,TLED-LW-HB
TLED-LWUB,TLED-LW-UB
TB-PK-T1,TLED-MG
TB-PL-T1,TLED-PL
TB-RD-A2-EP/Z,TLED-RD
TLED-WH-A2-EP/Z,TLED-WH
TLED-WHHB,TLED-WH-HB
TLED-WWHB,TLED-WW-HB
TLED-WH-UB,TLED-WH-UB
TLED-CW-A2-EP/Z,TLED-WW
TLED-WW-CUT,TLED-WW-CUT
TLED-CW-T2,TLED-WW-HB
TLED-WW-UB,TLED-WW-UB
TM-100,TLM-100
TM-30,TLM-30
TM-50,TLM-50
TSP-0173-S-2500K,TLN-2500K
TSP-0173-S-2700K,TLN-2700K
TSP-0173-S-3000K,TLN-3000K
TSP-0173-S-4000K,TLN-4000K
TSP-0173-S-5000K,TLN-5000K
TDP-0820,TLN-BASE
TDP-0821,TLN-CP
LL-MGBKT,TLN-CP-MG
TDP-0819,TLN-CVR-CL
TDP-0817,TLN-CVR-DF
NO. 7090 W=10MM,TLN-DSTAPE
TDP-0824,TLN-ED-CL
TDP-0822,TLN-ED-DF
UL1007-AWG20-WH-32MM,TLN-JW
TLN-NLVR,TLN-NLVR
TSP-0203-S,TLN-RGB
KE-4897W,TLN-SILICONE
TL-100,TLP-100
TL-150,TLP-150
TL-30,TLP-30
TL-300,TLP-300
TL-50,TLP-50
TL-80,TLP-80
TW WIRE,TLW WIRE
TLW2-100,TLW-100
TLW2-150,TLW-150
TW-25/32,TLW-25
TLW2-30,TLW-30
TW-300,TLW-300
TLW2-50,TLW-50
TW2-80,TLW-80
TLX2-2000K,TLX-2000K
TLX2-2400K,TLX-2400K
TLX2-2700K,TLX-2700K
TLX2-3000K,TLX-3000K
TLX2-3000K-BK,TLX-3000K-BK
TLX2-4500K,TLX-4500K
TLX-5700K,TLX-5700K
TLXCL-RGB,TLX-CLB
TLX-CLB,TLX-CLB-OLD
TLX-CON-WG2,TLX-CON-WG2
TLX-CON-WG3,TLX-CON-WG2
TLX-CON-WH12.2,TLX-CON-WH12.2
TLX-CON-WH16,TLX-CON-WH16
TLX-CON-WH2,TLX-CON-WH2
TLX-CON-WH24,TLX-CON-WH24
TLX-CON-WH3,TLX-CON-WH3
TLX-CON-WH8,TLX-CON-WH8
TLX-CP,TLX-CP
TLX-CP-BK,TLX-CP-WG
TLX-ED-WH2,TLX-ED
TLX-ED-WH3,TLX-ED
TLXBK-ED,TLX-ED-BK
TLX-ED-G1,TLX-ED-G1
TLX-ED-WG2,TLX-ED-WG
TLX-FC,TLX-FC
TLX-FLC-WG2,TLX-FLC-WG2
TLX-FLC-WH1524,TLX-FLC-WH1524
TLX-FLC-WH153,TLX-FLC-WH153
TLX-FLC-WH2,TLX-FLC-WH2
TLX-FLC-WH3048,TLX-FLC-WH3048
TLX-FLC-WH305,TLX-FLC-WH305
TLX-FLC-WH4572,TLX-FLC-WH4572
TLX-FLC-WH458,TLX-FLC-WH458
TLX-FLC-WH762,TLX-FLC-WH762
TLXBK-FC,TLXBK-FC
TLX-IW,TLX-IW
TLX-KT,TLX-KT
TLX-LC,TLX-LC
TLXBK--LC-WHB,TLX-LC2-BK
TLX-LEAD,TLX-LEAD
TLX-NW,TLX-NW
TLX-RC,TLX-RC
TLXBK-RC,TLX-RC-BK
TLX-RD,TLX-RD
TLX-TK,TLX-TK
TLXBK-TK,TLX-TK-BK
TLXWG-2400K-SP,TLX-WG-2400K-SP
TLXWG-2700K-SP,TLX-WG-2700K-SP
TLXWG-3000K-SP,TLX-WG-3000K-SP
TLXWG-5700K-SP,TLX-WG-5700K-SP
TLXWG-PLVR,TLX-WG-LVR
TDP-0764-R,TLX-WG-LVR-R
TLX-WW,TLX-WW
TLXBK-FC200,TLXBK-FC200
TLXBK-FC50,TLXBK-FC50
TLXBK-LC-CLB,TLXBK-LC-CLB
TP-01,TP-01
TP-02,TP-02
TP-02/100,TP-02
TP-03,TP-03
TP-REF,TP-RF
TRI-100-RGB,TRI-100-RGB
TRI-100-RGB-BK,TRI-100-RGB-BK
TRI-150-RGB,TRI-150-RGB
TRI-200-RGB,TRI-200-RGB
TRI-250-RGB,TRI-250-RGB
TRI-300-RGB,TRI-300-RGB
TRI-350-RGB,TRI-350-RGB
TRI-50-RGB,TRI-50-RGB
TRI-76.2-RGB,TRI-80-RGB
TRI-CH-B-SC,TRI-CH-B-SC
TRI-CH-C-SC,TRI-CH-C-SC
TRI-CH-ECD,TRI-CH-ECD
TRI-CH-ECL,TRI-CH-ECL
WIRE FOR RGB,TRI-LEAD
TRI CABLE,TRI-LEAD
EX-LED-LC,TRI-LNS
TRI-CP,TRI-MC
TRI-MT-2.5M,TRI-MT
TRI-MT-2.6M,TRI-MT
TRI-MT-RD-2.6M,TRI-MT-RD
TRI-FT,TRI-PF
TRIF-050-RGB,TRI2-50-RGB
TRIF-ED,TRI2-ED
TS-101,TS-101
VT-12,VT-12
WF-20,WF-20
WF-50,WF-50
WE1010,WFT-32
WM-1211,WM-1211
WP-101A,WP-101A
WP-101B,WP-101B
WP-101C,WP-101C
WP-101G,WP-101G
WP-101MR,WP-101MR
WP-101MV,WP-101MV
WP-101R,WP-101R
WP-101RI,WP-101RI
WP-101W,WP-101W
WP-105A,WP-105A
WP-105B,WP-105B
WP-105C,WP-105C
WP-105G,WP-105G
WP-105R,WP-105R
WP-105W,WP-105W
WP-FF-GR,WP-FF-GR
WP-L01C,WP-L01C
WP-L01C-S,WP-L01C-S
WP-L02C,WP-L02C
XB-3,XB-3F
XB-5C,XB-5C
XB-5,XB-5F
XB-5FB,XB-5FB
XB-8,XB-8F
XB-8FB,XB-8FB
KSW01-L300-RGBW-20D,KSW-L300-RGBW-20D
KSW01-L600-RGBW-20D,KSW-L600-RGBW-20D
KSW01-L900-RGBW-20D,KSW-L900-RGBW-20D
KSW01-L1200-RGBW-20D,KSW-L1200-RGBW-20D
